,topic,label,totalcount,breitbart,cnn,fox,nyt,wp
0,Topic0,workout amazoncom exercise fitness body,1,0,0,0,1,0
1,Topic1,method sanitation sanitizing clean minute,766,165,187,70,105,237
2,Topic2,people virus wuhan government spread,1,0,0,0,1,0
3,Topic3,space shelter station metro transit,2056,322,392,122,439,781
4,Topic4,virginia maryland district county region,2193,132,114,42,108,1797
5,Topic5,state trump report president house,1,0,0,0,1,0
6,Topic6,health state official people wuhan,1,0,0,0,1,0
7,Topic7,summer year spring fall wave,3682,453,674,125,903,1525
8,Topic8,year street time living homeless,1,0,0,0,1,0
9,Topic9,people sars china outbreak wuhan,1,0,0,0,1,0
10,Topic10,korea north coronavirus chinese china,1,0,0,0,1,0
11,Topic11,trump president year health china,1,0,0,0,1,0
12,Topic12,biden campaign president trump democratic,2754,271,544,49,610,1278
13,Topic13,official people state health coronavirus,1,0,0,0,1,0
14,Topic14,virus people wuhan health coronavirus,1,0,0,0,1,0
15,Topic15,information data source share website,4527,727,986,287,693,1821
16,Topic16,trump president state report republican,1,0,0,0,1,0
17,Topic17,unproven guarantee editorial shaking division,1,0,0,0,1,0
18,Topic18,living homeless time street percent,1,0,0,0,1,0
19,Topic19,south korea north korean seoul,2107,352,438,147,428,734
20,Topic20,wuhan people virus chinese china,1,0,0,0,1,0
21,Topic21,program billion million money fund,4624,621,722,144,801,2330
22,Topic22,case outbreak country spread health,1,0,0,0,1,0
23,Topic23,unemployed avenue consistently norm oxford,2077,396,318,87,476,800
24,Topic24,video twitter facebook social medium,4259,830,1062,224,864,1274
25,Topic25,trump people percent coronavirus animal,1,0,0,0,1,0
26,Topic26,north korea tourist korean virus,1,0,0,0,1,0
27,Topic27,american state united country america,6224,1688,1070,330,1092,2032
28,Topic28,barber wine existence heat revive,1,0,0,0,1,0
29,Topic29,meal single barack academy predecessor,1,0,0,0,1,0
30,Topic30,quarantine people home isolation stay,4737,1297,969,341,698,1426
31,Topic31,threatens convicted somewhat peace eased,1,0,0,0,1,0
32,Topic32,china people coronavirus symptom chinese,1,0,0,0,1,0
33,Topic33,people coronavirus patient symptom touching,1,0,0,0,1,0
34,Topic34,leader session leadership expire hazard,2727,519,529,142,514,1021
35,Topic35,outlet reform morrison population determined,1,0,0,0,1,0
36,Topic36,virus coronavirus spread disease people,5932,1358,1210,753,621,1974
37,Topic37,reduce cooperation affordable mainstream coronaviruss,1,0,0,0,1,0
38,Topic38,march christian pastor catholic shelterinplace,3507,1251,658,238,483,867
39,Topic39,economy million month year pandemic,4905,397,1172,94,981,2259
40,Topic40,china people wuhan case virus,1,0,0,0,1,0
41,Topic41,trump china trade business year,1,0,0,0,1,0
42,Topic42,seat coalition bolsonaro parliament contest,2238,357,386,70,586,838
43,Topic43,wuhan people coronavirus virus health,1,0,0,0,1,0
44,Topic44,email newsletter address tip inbox,1065,68,62,44,122,769
45,Topic45,restaurant owner bar customer business,3543,516,644,186,832,1363
46,Topic46,bloomberg article opinion column visit,2369,107,64,24,321,1853
47,Topic47,bond real mortgage estate housing,1473,147,208,21,374,723
48,Topic48,people case wuhan china coronavirus,1,0,0,0,1,0
49,Topic49,overwhelm epidemiologist health official public,180,35,36,12,25,71
50,Topic50,wuhan china people chinese outbreak,1,0,0,0,1,0
51,Topic51,country coronavirus case government people,2977,520,585,149,622,1099
52,Topic52,house white president trump official,4576,761,1099,241,635,1827
53,Topic53,virus wuhan people health china,1,0,0,0,1,0
54,Topic54,coronavirus public government trust state,1,0,0,0,1,0
55,Topic55,people coronavirus china health illness,1,0,0,0,1,0
56,Topic56,biden virus case trump state,1,0,0,0,1,0
57,Topic57,patient coronavirus people symptom seat,1,0,0,0,1,0
58,Topic58,state governor federal local california,4873,856,1150,385,667,1805
59,Topic59,alliance landed technique hometown captured,896,158,185,51,219,280
60,Topic60,florida beach draft memorial williams,2854,537,552,166,490,1108
61,Topic61,demanding liquid mall terrible success,1,0,0,0,1,0
62,Topic62,york city cuomo andrew blasio,3235,563,552,277,888,952
63,Topic63,trump house president state iran,1,0,0,0,1,0
64,Topic64,monday tuesday weekend afternoon week,6443,1357,1334,398,1243,2104
65,Topic65,say nasa cnns cemetery mission,3710,546,1310,212,346,1288
66,Topic66,phased coordinating vladimir court gift,1,0,0,0,1,0
67,Topic67,denmark attempted norway switzerland cheese,1014,229,179,45,244,317
68,Topic68,money payment credit month financial,4405,559,841,103,835,2067
69,Topic69,anxiety feel fear stress feeling,3220,492,664,150,722,1189
70,Topic70,lockdown french france paris measure,2848,837,477,147,627,759
71,Topic71,insurance cost plan client refund,2118,326,422,83,410,877
72,Topic72,state texas carolina ohio georgia,3919,722,766,232,573,1623
73,Topic73,win flooding coordination opportunity chair,1,0,0,0,1,0
74,Topic74,medium news journalist time network,3829,915,482,252,722,1448
75,Topic75,coronavirus disease official virus wuhan,1,0,0,0,1,0
76,Topic76,trump report republican president percent,1,0,0,0,1,0
77,Topic77,scott peak correction rick combat,2589,550,478,217,382,954
78,Topic78,rico broken angela content supermarket,1,0,0,0,1,0
79,Topic79,wuhan coronavirus official outbreak chinese,3026,1580,383,290,301,455
80,Topic80,colleague biden report impeachment trial,1,0,0,0,1,0
81,Topic81,publicly additional symbol traditionally expire,1,0,0,0,1,0
82,Topic82,talent turned disproportionate existing organized,1,0,0,0,1,0
83,Topic83,people virus health coronavirus case,1,0,0,0,1,0
84,Topic84,reiterated ritual recorded selection place,1,0,0,0,1,0
85,Topic85,family mother woman home father,5081,608,1021,225,1373,1852
86,Topic86,test testing antibody kit result,3456,566,685,323,527,1348
87,Topic87,people virus wuhan china case,1,0,0,0,1,0
88,Topic88,police officer george black death,3294,622,574,116,746,1235
89,Topic89,trump state house president official,1,0,0,0,1,0
90,Topic90,workout amazoncom exercise originally body,1,0,0,0,1,0
91,Topic91,virus china chinese time outbreak,1,0,0,0,1,0
92,Topic92,emergency declared declaration gratitude spouse,2925,755,580,187,444,954
93,Topic93,gate foundation rolled roll entity,2498,501,459,161,431,933
94,Topic94,host live redistributed watch episode,3385,704,665,189,825,1001
95,Topic95,wuhan people quarantine china city,1,0,0,0,1,0
96,Topic96,ebola post emergency coronavirus disease,1,0,0,0,1,0
97,Topic97,coronavirus post story death case,6253,1,6,0,2,6244
98,Topic98,fargo involved hogan garcia defendant,1,0,0,0,1,0
99,Topic99,harder john robinson subscription confronting,1,0,0,0,1,0
100,Topic100,outbreak time virus quarantine kong,1,0,0,0,1,0
101,Topic101,university nursing professor college john,3819,587,717,305,713,1493
102,Topic102,influenza season virus people vaccine,1,0,0,0,1,0
103,Topic103,climate change energy environmental wind,1966,229,351,77,526,780
104,Topic104,home facility resident care staff,2877,683,609,207,415,961
105,Topic105,positive tested county test health,4023,909,841,469,431,1367
106,Topic106,people trump president coronavirus million,1,0,0,0,1,0
107,Topic107,wuhan china people state health,1,0,0,0,1,0
108,Topic108,area city town street mile,4200,550,757,144,1161,1588
109,Topic109,trump state impeachment iowa senator,1,0,0,0,1,0
110,Topic110,fed multiple fatality lobbying earth,1,0,0,0,1,0
111,Topic111,service human health secretary alex,2472,548,588,150,342,840
112,Topic112,post story news term signing,6133,8,5,0,2,6118
113,Topic113,trump state impeachment senator campaign,1,0,0,0,1,0
114,Topic114,military iran force troop defense,2249,453,350,115,505,825
115,Topic115,doubled examine urge preparation tweeted,1,0,0,0,1,0
116,Topic116,people coronavirus china disease health,1,0,0,0,1,0
117,Topic117,black city people community neighborhood,3685,448,647,105,905,1578
118,Topic118,going think people dont thats,11271,2448,2543,592,1986,3690
119,Topic119,real protesting couple persistent workout,1,0,0,0,1,0
120,Topic120,stimulus economic unemployment package business,3593,467,615,146,487,1871
121,Topic121,island pompeo mike rhode interior,1606,338,348,106,356,455
122,Topic122,fighting humanitarian renewed yemen syria,1879,467,383,115,340,571
123,Topic123,syria leave crack moved shower,1,0,0,0,1,0
124,Topic124,proximity hotspot chronic category possible,1,0,0,0,1,0
125,Topic125,protective equipment mask gear donation,3241,603,719,182,514,1218
126,Topic126,louisiana orleans collecting upcoming pandemic,739,127,179,63,117,250
127,Topic127,china chinese beijing world global,3480,1213,454,229,578,997
128,Topic128,people coronavirus wuhan china official,1,0,0,0,1,0
129,Topic129,week night house home friend,6941,640,1290,201,1960,2849
130,Topic130,vaccine immunity dos bright immune,1996,333,342,208,344,766
131,Topic131,covid rent smith statewide rental,2373,504,380,119,517,848
132,Topic132,chinese wuhan morning city post,1,0,0,0,1,0
133,Topic133,trump president administration donald coronavirus,7223,1652,1456,296,849,2959
134,Topic134,price saudi energy arabia barrel,1007,89,229,23,236,430
135,Topic135,score coordinator corona beef structure,1493,316,290,84,306,494
136,Topic136,pandemic crisis need coronavirus risk,9493,1741,1736,395,1428,4190
137,Topic137,stockpile amazing cream steven harry,1,0,0,0,1,0
138,Topic138,trump people today time city,1,0,0,0,1,0
139,Topic139,hotel room resort vega casino,1710,274,331,94,376,632
140,Topic140,abortion host watching postponing quality,1,0,0,0,1,0
141,Topic141,people year percent china wuhan,1,0,0,0,1,0
142,Topic142,people coronavirus virus symptom illness,1,0,0,0,1,0
143,Topic143,official agency department federal government,4729,620,955,193,718,2235
144,Topic144,flight airline passenger airport plane,1809,232,497,103,374,603
145,Topic145,sander campaign rally primary warren,1887,230,392,62,528,672
146,Topic146,feared flash shortly calculation news,1,0,0,0,1,0
147,Topic147,harsh overwhelm coming taiwan hotel,1,0,0,0,1,0
148,Topic148,paul brady oped offensive contributor,1616,402,194,201,241,574
149,Topic149,search investigator curbside regulator regulatory,1650,229,316,109,354,640
150,Topic150,trump president iran state thursday,1,0,0,0,1,0
151,Topic151,people question know problem answer,7735,1406,1411,388,1259,3261
152,Topic152,trump state president thursday house,1,0,0,0,1,0
153,Topic153,baby worship brown green faith,2655,622,515,198,474,846
154,Topic154,semester john flulike speed wasnt,1,0,0,0,1,0
155,Topic155,bryant valuable worth surpassed patriot,1,0,0,0,1,0
156,Topic156,virus people official city worker,1789,125,121,91,1113,337
157,Topic157,plastic bag waste removing charge,1157,221,231,96,249,360
158,Topic158,game team athlete olympic salary,1949,335,305,40,368,901
159,Topic159,virus chinese china coronavirus wuhan,1,0,0,0,1,0
160,Topic160,document anger broken furloughed frustration,1980,418,386,83,383,708
161,Topic161,church service religious bowser parade,1562,360,245,76,238,642
162,Topic162,johnson minister prime london british,2437,741,364,57,637,637
163,Topic163,security mexico kennedy homeland dallas,2545,624,463,143,422,890
164,Topic164,apartment minor studying routine zhang,1451,261,208,62,439,478
165,Topic165,coronavirus people wuhan disease spread,1,0,0,0,1,0
166,Topic166,martin branch gupta restart consulting,1661,242,468,52,300,597
167,Topic167,card cash people coronavirus credit,1,0,0,0,1,0
168,Topic168,coalition rebounded inslee sentiment bias,1,0,0,0,1,0
169,Topic169,trump year president china trade,1,0,0,0,1,0
170,Topic170,survey mental disorder respondent therapy,1568,285,292,71,360,558
171,Topic171,extremely attributed attempted light adequate,1,0,0,0,1,0
172,Topic172,virus coronavirus chinese wuhan official,1,0,0,0,1,0
173,Topic173,fair buck moderate output listed,1,0,0,0,1,0
174,Topic174,complete neck cash flow transfer,2092,345,404,91,414,835
175,Topic175,japan tokyo japanese olympics world,1134,125,264,41,306,398
176,Topic176,boeing board country time china,1,0,0,0,1,0
177,Topic177,protest protester india violence demonstration,2934,425,521,92,783,1113
178,Topic178,stick forecast european edition crown,1,0,0,0,1,0
179,Topic179,russia russian putin refugee moscow,1126,136,183,40,329,437
180,Topic180,alabama serve unfair biological observed,1,0,0,0,1,0
181,Topic181,rewritten certifies value netflix bird,1,0,0,0,1,0
182,Topic182,list reference orlando delaware listed,2730,507,606,166,509,940
183,Topic183,people coronavirus virus wuhan patient,1,0,0,0,1,0
184,Topic184,rule access policy health requirement,5615,831,1003,229,831,2716
185,Topic185,spokesman avoided market function grow,1,0,0,0,1,0
186,Topic186,plan pandemic decision week month,6279,1244,1430,249,1126,2228
187,Topic187,people virus coronavirus spread disease,1,0,0,0,1,0
188,Topic188,reopening restriction phase guideline place,4683,1003,893,292,671,1823
189,Topic189,trump president state house report,1,0,0,0,1,0
190,Topic190,coronavirus bezos people seat symptom,1,0,0,0,1,0
191,Topic191,stranded gesture africa cheap horror,1,0,0,0,1,0
192,Topic192,country decided boy correspondent happening,1,0,0,0,1,0
193,Topic193,coronavirus virus sars mers symptom,1,0,0,0,1,0
194,Topic194,store grocery customer retailer shop,2723,443,684,105,579,911
195,Topic195,people coronavirus wuhan china symptom,1,0,0,0,1,0
196,Topic196,travel trip traveler restriction traveling,2678,508,618,153,408,990
197,Topic197,trump president state time official,1,0,0,0,1,0
198,Topic198,upward inslee talent circuit germany,1,0,0,0,1,0
199,Topic199,replacement idea epicenter brand responding,1,0,0,0,1,0
200,Topic200,resistance burning silent fueled people,1370,182,211,46,295,634
201,Topic201,poorly doug data lombardy scott,1,0,0,0,1,0
202,Topic202,carlson nuclear edition dedicated anxious,1,0,0,0,1,0
203,Topic203,outbreak virus trump spread china,1,0,0,0,1,0
204,Topic204,person risk transmission contact infected,2601,458,548,297,402,892
205,Topic205,school student child college education,3145,396,519,77,813,1337
206,Topic206,accommodation invite outlook syndrome weight,1,0,0,0,1,0
207,Topic207,virus case china wuhan official,1,0,0,0,1,0
208,Topic208,canada england brooklyn justin firefighter,1725,297,318,91,468,550
209,Topic209,coronavirus virus sars cause symptom,1,0,0,0,1,0
210,Topic210,chinese china virus people wuhan,1,0,0,0,1,0
211,Topic211,biden trump house democrat state,1,0,0,0,1,0
212,Topic212,coronavirus virus people wuhan health,1,0,0,0,1,0
213,Topic213,virus china people disease outbreak,1869,305,255,221,264,818
214,Topic214,city wuhan china chinese local,1,0,0,0,1,0
215,Topic215,state trump president iran report,1,0,0,0,1,0
216,Topic216,selfisolation delta southern waste distribute,1,0,0,0,1,0
217,Topic217,biden president trump state democrat,1,0,0,0,1,0
218,Topic218,bank loan debt financial program,2587,128,388,27,537,1507
219,Topic219,train retirement subway transportation bus,1935,326,311,93,433,772
220,Topic220,color property blue wood light,2851,304,691,85,720,1051
221,Topic221,home time stayathome help work,6937,500,1602,201,2029,2605
222,Topic222,project infrastructure construction granted liberty,2583,521,484,90,582,906
223,Topic223,house republican senate democrat congress,3330,743,581,190,429,1381
224,Topic224,immigration immigrant venezuela asylum undocumented,1089,286,164,34,203,400
225,Topic225,rental maduro responded msnbc backing,1,0,0,0,1,0
226,Topic226,know right need today broadcast,5487,1442,1079,280,844,1839
227,Topic227,material truth published rewritten trust,2886,384,267,69,299,1865
228,Topic228,coronavirus people symptom seat percent,3916,0,0,0,3916,0
229,Topic229,china trump people country government,1,0,0,0,1,0
230,Topic230,biden trump president state percent,1,0,0,0,1,0
231,Topic231,wuhan coronavirus people health city,1,0,0,0,1,0
232,Topic232,storm entity graphic fluid specific,1,0,0,0,1,0
233,Topic233,wuhan virus people health coronavirus,1,0,0,0,1,0
234,Topic234,trump health people state year,1,0,0,0,1,0
235,Topic235,people symptom patient china coronavirus,1,0,0,0,1,0
236,Topic236,trump percent report president republican,1,0,0,0,1,0
237,Topic237,exchange result suit license stepping,1,0,0,0,1,0
238,Topic238,life family friend year people,6607,912,1385,239,1738,2331
239,Topic239,people wuhan coronavirus government virus,1,0,0,0,1,0
240,Topic240,coronavirus seat people week symptom,1890,4,14,5,1856,11
241,Topic241,conduct apps bold quarantining booked,1,0,0,0,1,0
242,Topic242,people virus coronavirus percent symptom,1,0,0,0,1,0
243,Topic243,rate economy reserve market central,2020,165,390,30,500,935
244,Topic244,time make different come change,10849,1280,2034,269,2685,4581
245,Topic245,people coronavirus symptom illness virus,1,0,0,0,1,0
246,Topic246,trump people percent president republican,1,0,0,0,1,0
247,Topic247,pickup posting courage stronger risking,1,0,0,0,1,0
248,Topic248,anderson workout required pizza joke,1,0,0,0,1,0
249,Topic249,degree pennsylvania resurgence cheap overall,1804,327,346,141,392,596
250,Topic250,ordering protesting vote destroyed estimate,1,0,0,0,1,0
251,Topic251,coronavirus disease novel protect symptom,1,0,0,0,1,0
252,Topic252,press conference meeting permission reporter,3667,1046,510,198,364,1542
253,Topic253,trump senator trial iowa impeachment,1,0,0,0,1,0
254,Topic254,people health coronavirus chinese thailand,1,0,0,0,1,0
255,Topic255,briefing time bureau today writes,2104,282,386,100,938,392
256,Topic256,visitor museum tourism curfew tourist,2041,246,488,88,524,695
257,Topic257,people coronavirus wuhan health virus,1,0,0,0,1,0
258,Topic258,mask wear face wearing covering,2959,538,671,216,481,1053
259,Topic259,china wuhan city local chinese,1,0,0,0,1,0
260,Topic260,negative resource dress workplace republic,1,0,0,0,1,0
261,Topic261,company report trump people president,1,0,0,0,1,0
262,Topic262,bump product communication panic responding,1,0,0,0,1,0
263,Topic263,health youre emergency international virus,1,0,0,0,1,0
264,Topic264,unlike plague spark epidemic hadnt,1013,169,200,53,222,369
265,Topic265,brazil israel latin pakistan minister,1343,233,192,62,349,507
266,Topic266,historic sept donor navarro burn,2246,309,458,104,562,812
267,Topic267,flow reduce responding delhi moscow,1,0,0,0,1,0
268,Topic268,symptom fever patient illness doctor,2786,461,564,426,398,933
269,Topic269,suspending mcenany replace managed server,1,0,0,0,1,0
270,Topic270,trump people health wuhan china,1,0,0,0,1,0
271,Topic271,biden trump president witness republican,1,0,0,0,1,0
272,Topic272,delhi japanese vice revealed truck,1,0,0,0,1,0
273,Topic273,technology phone device tool mobile,2414,336,527,120,552,878
274,Topic274,wuhan image people official state,1,0,0,0,1,0
275,Topic275,official card cash airport health,1,0,0,0,1,0
276,Topic276,wuhan china case people coronavirus,1,0,0,0,1,0
277,Topic277,foreign international commission council world,3232,544,424,129,645,1486
278,Topic278,daily wider sanitizer serve permitted,1,0,0,0,1,0
279,Topic279,disaster natural accident coal dutch,1727,258,329,103,361,674
280,Topic280,listening odds afternoon frequently people,981,134,209,35,213,390
281,Topic281,photo image kevin picture wearing,2051,377,386,264,412,598
282,Topic282,victim remaining miracle swiftly deliberately,1,0,0,0,1,0
283,Topic283,pledged hardest reader attendance william,1,0,0,0,1,0
284,Topic284,president health people american today,1,0,0,0,1,0
285,Topic285,lifeline preparation ahead weekend crack,1,0,0,0,1,0
286,Topic286,urged high rose overwhelmed career,1,0,0,0,1,0
287,Topic287,company billion stock market investor,3444,222,768,28,857,1569
288,Topic288,natural anxiety seven admit adhere,1,0,0,0,1,0
289,Topic289,people wuhan virus case china,1,0,0,0,1,0
290,Topic290,foster regulation china unfold justice,1,0,0,0,1,0
291,Topic291,trump people republican president report,1,0,0,0,1,0
292,Topic292,report trump yesterday company leader,1,0,0,0,1,0
293,Topic293,celebrity agreement layer harassment certain,1,0,0,0,1,0
294,Topic294,contact minneapolis tracing atlanta track,2534,383,503,148,472,1028
295,Topic295,national importance dangerous angela violation,1,0,0,0,1,0
296,Topic296,china coronavirus people wuhan symptom,1,0,0,0,1,0
297,Topic297,player season league team sport,3552,594,475,49,705,1729
298,Topic298,desantis matt wilson grandmother hancock,1099,310,260,81,172,276
299,Topic299,company trump country including yesterday,1,0,0,0,1,0
300,Topic300,virus coronavirus case people seat,1,0,0,0,1,0
301,Topic301,people china sars pathogen virus,1,0,0,0,1,0
302,Topic302,shower stretch attempted law mandate,1,0,0,0,1,0
303,Topic303,washington post king seattle area,2337,332,369,132,342,1152
304,Topic304,people sars outbreak china health,1,0,0,0,1,0
305,Topic305,jersey michigan murphy connecticut phil,2188,503,455,186,348,691
306,Topic306,group organization help support million,3698,741,927,194,696,1138
307,Topic307,trump biden president report house,1,0,0,0,1,0
308,Topic308,china sars pneumonia patient case,1,0,0,0,1,0
309,Topic309,lombardy mean schedule caribbean microscopic,1,0,0,0,1,0
310,Topic310,hospital patient medical care doctor,4970,1024,1001,426,781,1733
311,Topic311,camp boston bottle walker youth,1983,368,321,74,495,725
312,Topic312,letter general investigation committee intelligence,3956,709,740,193,722,1585
313,Topic313,friday thursday earlier afternoon morning,4789,1012,1068,335,848,1520
314,Topic314,virus people china government expert,1,0,0,0,1,0
315,Topic315,trump iowa state senator year,1,0,0,0,1,0
316,Topic316,biden trump president democrat witness,1,0,0,0,1,0
317,Topic317,quarantine wuhan people china city,1,0,0,0,1,0
318,Topic318,virus outbreak mers chinese china,1,0,0,0,1,0
319,Topic319,trump impeachment state senator iowa,1,0,0,0,1,0
320,Topic320,sars china people wuhan outbreak,1,0,0,0,1,0
321,Topic321,number rate death people data,4520,802,763,389,708,1841
322,Topic322,mask people wuhan coronavirus case,1,0,0,0,1,0
323,Topic323,social distancing people gathering stay,5284,1142,1314,402,743,1681
324,Topic324,china people year coronavirus world,1,0,0,0,1,0
325,Topic325,theater movie disney film actor,1976,271,470,60,643,529
326,Topic326,country year time boeing people,1,0,0,0,1,0
327,Topic327,trump today official climate state,1,0,0,0,1,0
328,Topic328,aftermath noted educator regularly train,1,0,0,0,1,0
329,Topic329,year tulsa union deal agreement,5153,633,883,143,1249,2243
330,Topic330,postal convinced booker caribbean plastic,1,0,0,0,1,0
331,Topic331,fauci disease anthony infectious coronavirus,2518,484,640,240,234,909
332,Topic332,stop athlete welfare trip danger,1,0,0,0,1,0
333,Topic333,people patient coronavirus symptom health,1,0,0,0,1,0
334,Topic334,today trial boeing impeachment rule,1,0,0,0,1,0
335,Topic335,card meantime centered underscored zero,792,176,204,32,151,228
336,Topic336,border country restriction citizen visa,2935,854,589,141,540,809
337,Topic337,people trump animal sars china,1,0,0,0,1,0
338,Topic338,coronavirus seat people company symptom,1,0,0,0,1,0
339,Topic339,shock privatesector recession severe coronavirus,915,60,222,21,172,439
340,Topic340,company report yesterday trump leader,1,0,0,0,1,0
341,Topic341,report trump economy federal year,1,0,0,0,1,0
342,Topic342,employee work office staff union,3297,631,837,156,560,1111
343,Topic343,health coronavirus patient people symptom,1,0,0,0,1,0
344,Topic344,water wine stone muslim jewish,2048,318,410,67,585,667
345,Topic345,mortality pushing earned modeling accepted,1,0,0,0,1,0
346,Topic346,return migrant returning processing safely,2394,591,503,94,402,803
347,Topic347,fired practice thailand timeline crossing,1,0,0,0,1,0
348,Topic348,case death reported number total,4455,845,753,516,501,1828
349,Topic349,court supreme justice abortion ruling,1507,239,305,49,313,595
350,Topic350,year today american including people,1,0,0,0,1,0
351,Topic351,delivery warns touch died facility,1,0,0,0,1,0
352,Topic352,biden colleague impeachment trial report,1,0,0,0,1,0
353,Topic353,sale product price demand consumer,3921,362,934,87,938,1599
354,Topic354,report news based event colleague,2988,415,331,189,304,1743
355,Topic355,climate today year impeachment trial,1,0,0,0,1,0
356,Topic356,draft communicate sought restricting resistance,1,0,0,0,1,0
357,Topic357,coronavirus statement according told health,5953,1566,2496,559,372,943
358,Topic358,china sars patient people case,1,0,0,0,1,0
359,Topic359,china patient wuhan case people,1,0,0,0,1,0
360,Topic360,economic policy economy cost decade,6359,903,785,148,1290,3229
361,Topic361,force task morgan member advise,3039,688,722,272,354,988
362,Topic362,calling depends medication indicate seafood,1,0,0,0,1,0
363,Topic363,baby permanent ride necessary afternoon,1,0,0,0,1,0
364,Topic364,ship cruise passenger crew princess,1340,187,355,90,259,449
365,Topic365,election voter voting ballot vote,1950,273,389,45,393,844
366,Topic366,prison release inmate hunger condition,1328,259,307,82,211,469
367,Topic367,president china bank trump year,1,0,0,0,1,0
368,Topic368,disease health condition risk child,3143,486,669,365,523,1094
369,Topic369,trump president report house republican,1,0,0,0,1,0
370,Topic370,animal meat farmer farm market,1477,203,308,106,406,453
371,Topic371,study trial patient drug treatment,1632,211,316,287,276,538
372,Topic372,rescue statue chris midmarch shifted,2024,451,424,132,342,674
373,Topic373,supply shortage chain medical equipment,3650,799,971,196,519,1165
374,Topic374,trump percent president state republican,1,0,0,0,1,0
375,Topic375,people virus outbreak china sars,1,0,0,0,1,0
376,Topic376,coronavirus official disease state wuhan,1,0,0,0,1,0
377,Topic377,order reopen governor business mayor,3971,1141,770,281,432,1343
378,Topic378,trump president state house force,1,0,0,0,1,0
379,Topic379,country killed home million president,1,0,0,0,1,0
380,Topic380,state president south climate china,1,0,0,0,1,0
381,Topic381,claim theory conspiracy claimed evidence,2787,861,567,152,345,852
382,Topic382,health public country outbreak coronavirus,6348,1286,1332,456,876,2388
383,Topic383,employment adjustment stolen library demanding,1,0,0,0,1,0
384,Topic384,sunday saturday weekend night monday,4931,1121,1009,339,845,1609
385,Topic385,people coronavirus patient study seat,1,0,0,0,1,0
386,Topic386,hand cleaning sanitizer wash foot,3935,575,1016,314,737,1289
387,Topic387,coronavirus people health patient symptom,1,0,0,0,1,0
388,Topic388,pandemic world coronavirus research global,4532,864,867,469,809,1509
389,Topic389,coronavirus people virus seat wuhan,1,0,0,0,1,0
390,Topic390,people virus case wuhan coronavirus,1,0,0,0,1,0
391,Topic391,rate percent mortgage market week,1,0,0,0,1,0
392,Topic392,birx inslee kirkland dewine swiftly,408,123,115,34,19,112
393,Topic393,people saudi year city wuhan,1,0,0,0,1,0
394,Topic394,official united wuhan coronavirus state,1,0,0,0,1,0
395,Topic395,trump state president iowa campaign,1,0,0,0,1,0
396,Topic396,business small flatten triple hank,3353,633,621,126,544,1425
397,Topic397,paris setting wartime bar leverage,1,0,0,0,1,0
398,Topic398,virus coronavirus government people china,1,0,0,0,1,0
399,Topic399,ball workout pound originally design,2475,310,596,91,707,771
400,Topic400,people china outbreak wuhan case,1,0,0,0,1,0
401,Topic401,safest chaos cautiously fundraiser gender,1,0,0,0,1,0
402,Topic402,subscriber yang reach bailout landlord,1,0,0,0,1,0
403,Topic403,season virus influenza vaccine strain,1,0,0,0,1,0
404,Topic404,gathered virus people coronavirus official,652,109,132,40,153,218
405,Topic405,government early warning response failure,5637,1527,883,311,830,2077
406,Topic406,china virus case wuhan people,1,0,0,0,1,0
407,Topic407,today impeachment trial world people,1,0,0,0,1,0
408,Topic408,virus china coronavirus animal spread,1,0,0,0,1,0
409,Topic409,work process company approved approval,3612,550,755,284,717,1302
410,Topic410,event canceled june postponed april,3885,698,845,132,1005,1201
411,Topic411,somewhat walmart hardship telephone shower,1729,387,372,87,319,562
412,Topic412,responsible wonder boot generally organ,1,0,0,0,1,0
413,Topic413,case country coronavirus outbreak reported,1,0,0,0,1,0
414,Topic414,provide scheme viral justice roll,1,0,0,0,1,0
415,Topic415,country african africa nation world,2141,358,375,83,498,826
416,Topic416,confront meantime legally mitigation faculty,1,0,0,0,1,0
417,Topic417,hong kong taiwan city singapore,1087,161,250,46,274,356
418,Topic418,patient health people symptom wuhan,1,0,0,0,1,0
419,Topic419,shake headed absence album youd,1,0,0,0,1,0
420,Topic420,court health trump american azar,1,0,0,0,1,0
421,Topic421,people coronavirus seat symptom percent,1,0,0,0,1,0
422,Topic422,attorney case judge court justice,3407,598,631,168,662,1347
423,Topic423,america columbus understood interview unknown,1,0,0,0,1,0
424,Topic424,china people year coronavirus trump,1,0,0,0,1,0
425,Topic425,carolina wealth declaring metric pediatric,1,0,0,0,1,0
426,Topic426,coronavirus symptom patient virus people,1,0,0,0,1,0
427,Topic427,drug medicine used effect medical,1938,404,353,178,343,656
428,Topic428,demonstrator walking specific wage death,1,0,0,0,1,0
429,Topic429,people coronavirus spread symptom health,1,0,0,0,1,0
430,Topic430,biden trump president senator iowa,1,0,0,0,1,0
431,Topic431,people outbreak case sars market,1,0,0,0,1,0
432,Topic432,guest performance dance fashion collection,2786,279,653,128,994,730
433,Topic433,percent market week stock point,4103,527,733,126,877,1839
434,Topic434,trump president state iran report,1,0,0,0,1,0
435,Topic435,park california angeles stadium newsom,3780,608,647,205,953,1365
436,Topic436,health coronavirus people symptom patient,1,0,0,0,1,0
437,Topic437,retail mall shopping senior relax,1726,472,309,74,331,540
438,Topic438,book year time music world,5405,318,994,120,2175,1798
439,Topic439,people coronavirus symptom day million,1,0,0,0,1,0
440,Topic440,animal saudi video time stress,1,0,0,0,1,0
441,Topic441,preferred collected netanyahu detection cofounder,1,0,0,0,1,0
442,Topic442,biden trump president report percent,1,0,0,0,1,0
443,Topic443,recovery recovered strongly earliest fully,2026,512,404,207,364,536
444,Topic444,coronavirus australia news associated report,2853,454,309,1100,552,434
445,Topic445,allowed winning switzerland northam employ,1,0,0,0,1,0
446,Topic446,boeing favor louisville basketball tuesday,1,0,0,0,1,0
447,Topic447,biden trump house president witness,1,0,0,0,1,0
448,Topic448,government political party right power,5114,1211,592,157,1168,1983
449,Topic449,china people sars outbreak virus,1,0,0,0,1,0
450,Topic450,deputy pill partisan baby week,1,0,0,0,1,0
451,Topic451,adequate industry expressed structure nationally,1,0,0,0,1,0
452,Topic452,coronavirus wuhan health people school,1,0,0,0,1,0
453,Topic453,people virus coronavirus patient spread,1,0,0,0,1,0
454,Topic454,trump people president health report,1,0,0,0,1,0
455,Topic455,heart subway settled accelerated overseeing,1,0,0,0,1,0
456,Topic456,memo jackson prime wonder legitimate,1,0,0,0,1,0
457,Topic457,wuhan people virus china case,1,0,0,0,1,0
458,Topic458,italy european europe germany country,3832,823,585,132,930,1361
459,Topic459,transmit attendee berlin initial returning,1,0,0,0,1,0
460,Topic460,lancet bright halting fellow invisible,1,0,0,0,1,0
461,Topic461,echoed turkey typically prohibited happened,1,0,0,0,1,0
462,Topic462,case coronavirus country outbreak china,1,0,0,0,1,0
463,Topic463,plant production company ventilator factory,2355,406,535,86,521,806
464,Topic464,biden trump president percent house,1,0,0,0,1,0
465,Topic465,arizona minnesota alabama cooper utah,2949,556,672,172,471,1072
466,Topic466,wuhan people coronavirus virus health,1,0,0,0,1,0
467,Topic467,day hour temperature check week,4312,722,944,251,850,1539
468,Topic468,china people wuhan virus case,1,0,0,0,1,0
469,Topic469,navy pool base captain crew,3196,381,650,188,722,1255
470,Topic470,people coronavirus seat spread symptom,1,0,0,0,1,0
471,Topic471,worker work job labor unemployment,3995,644,827,143,850,1530
472,Topic472,unavailable sneeze houston primarily notice,1,0,0,0,1,0
473,Topic473,biden trump president democrat republican,1,0,0,0,1,0
474,Topic474,trump people home state report,1,0,0,0,1,0
475,Topic475,time wuhan socialdistancing frankly history,1,0,0,0,1,0
476,Topic476,people mask today year time,1,0,0,0,1,0
477,Topic477,mass suffered disturbing rome necessity,2310,684,421,142,428,633
478,Topic478,coronavirus news added april told,4508,2891,461,682,215,244
479,Topic479,inspired operated handful affecting economist,1,0,0,0,1,0
480,Topic480,location residence matthew electronic additionally,1768,402,416,113,313,524
481,Topic481,trump claim health year post,1,0,0,0,1,0
482,Topic482,group wipe paper oxygen surface,2580,190,463,171,943,812
483,Topic483,dose gupta burr guest wallace,1,0,0,0,1,0
484,Topic484,season influenza vaccine virus strain,1,0,0,0,1,0
485,Topic485,bipartisan socially reliable highlighting bottle,1,0,0,0,1,0
486,Topic486,wednesday tuesday evening understanding shaking,4677,1087,1071,326,790,1393
487,Topic487,company amazon executive tech apple,3642,382,816,95,934,1414
488,Topic488,year trump boeing country people,1,0,0,0,1,0
489,Topic489,window pledged root yellow pledge,1908,307,361,91,472,677
490,Topic490,trump percent republican president report,1,0,0,0,1,0
491,Topic491,snap chosen reopened thing postpone,1,0,0,0,1,0
492,Topic492,thursday tedros ghebreyesus adhanom ryan,3939,1004,864,265,595,1200
493,Topic493,radio macron alexander jacob spray,1867,469,319,100,371,607
494,Topic494,stance peace reflected onefifth college,1,0,0,0,1,0
495,Topic495,food storm meal weather recipe,2127,250,454,96,556,771
496,Topic496,people china virus wuhan outbreak,1,0,0,0,1,0
497,Topic497,white racial american racism race,2383,321,422,46,551,1042
498,Topic498,china people today mask city,1,0,0,0,1,0
499,Topic499,counting frequently french department learned,1,0,0,0,1,0
